{"frames":{"s (9).png":{"frame":{"x":2,"y":2,"w":347,"h":283},"rotated":false,"trimmed":true,"spriteSourceSize":{"x":5,"y":35,"w":347,"h":283},"sourceSize":{"w":361,"h":361}},"s (8).png":{"frame":{"x":2,"y":287,"w":349,"h":285},"rotated":false,"trimmed":true,"spriteSourceSize":{"x":3,"y":33,"w":349,"h":285},"sourceSize":{"w":361,"h":361}},"s (7).png":{"frame":{"x":353,"y":2,"w":351,"h":287},"rotated":true,"trimmed":true,"spriteSourceSize":{"x":3,"y":31,"w":351,"h":287},"sourceSize":{"w":361,"h":361}},"s (6).png":{"frame":{"x":2,"y":574,"w":350,"h":286},"rotated":false,"trimmed":true,"spriteSourceSize":{"x":4,"y":32,"w":350,"h":286},"sourceSize":{"w":361,"h":361}},"s (5).png":{"frame":{"x":354,"y":355,"w":346,"h":274},"rotated":true,"trimmed":true,"spriteSourceSize":{"x":2,"y":40,"w":346,"h":274},"sourceSize":{"w":361,"h":361}},"s (4).png":{"frame":{"x":642,"y":2,"w":339,"h":268},"rotated":true,"trimmed":true,"spriteSourceSize":{"x":1,"y":43,"w":339,"h":268},"sourceSize":{"w":361,"h":361}},"s (36).png":{"frame":{"x":642,"y":343,"w":253,"h":259},"rotated":true,"trimmed":true,"spriteSourceSize":{"x":54,"y":51,"w":253,"h":259},"sourceSize":{"w":361,"h":361}},"s (35).png":{"frame":{"x":630,"y":598,"w":253,"h":259},"rotated":false,"trimmed":true,"spriteSourceSize":{"x":54,"y":51,"w":253,"h":259},"sourceSize":{"w":361,"h":361}},"s (34).png":{"frame":{"x":2,"y":862,"w":253,"h":259},"rotated":true,"trimmed":true,"spriteSourceSize":{"x":54,"y":51,"w":253,"h":259},"sourceSize":{"w":361,"h":361}},"s (33).png":{"frame":{"x":912,"y":2,"w":361,"h":361},"rotated":false,"trimmed":false,"spriteSourceSize":{"x":0,"y":0,"w":361,"h":361},"sourceSize":{"w":361,"h":361}},"s (32).png":{"frame":{"x":903,"y":365,"w":361,"h":361},"rotated":false,"trimmed":false,"spriteSourceSize":{"x":0,"y":0,"w":361,"h":361},"sourceSize":{"w":361,"h":361}},"s (31).png":{"frame":{"x":885,"y":728,"w":361,"h":361},"rotated":false,"trimmed":false,"spriteSourceSize":{"x":0,"y":0,"w":361,"h":361},"sourceSize":{"w":361,"h":361}},"s (30).png":{"frame":{"x":2,"y":1117,"w":361,"h":361},"rotated":false,"trimmed":false,"spriteSourceSize":{"x":0,"y":0,"w":361,"h":361},"sourceSize":{"w":361,"h":361}},"s (3).png":{"frame":{"x":354,"y":703,"w":331,"h":266},"rotated":true,"trimmed":true,"spriteSourceSize":{"x":3,"y":44,"w":331,"h":266},"sourceSize":{"w":361,"h":361}},"s (29).png":{"frame":{"x":365,"y":1091,"w":361,"h":361},"rotated":false,"trimmed":false,"spriteSourceSize":{"x":0,"y":0,"w":361,"h":361},"sourceSize":{"w":361,"h":361}},"s (28).png":{"frame":{"x":728,"y":1091,"w":359,"h":359},"rotated":false,"trimmed":true,"spriteSourceSize":{"x":2,"y":0,"w":359,"h":359},"sourceSize":{"w":361,"h":361}},"s (27).png":{"frame":{"x":1275,"y":2,"w":359,"h":359},"rotated":false,"trimmed":true,"spriteSourceSize":{"x":2,"y":0,"w":359,"h":359},"sourceSize":{"w":361,"h":361}},"s (26).png":{"frame":{"x":1266,"y":365,"w":361,"h":361},"rotated":false,"trimmed":false,"spriteSourceSize":{"x":0,"y":0,"w":361,"h":361},"sourceSize":{"w":361,"h":361}},"s (25).png":{"frame":{"x":1248,"y":728,"w":361,"h":361},"rotated":false,"trimmed":false,"spriteSourceSize":{"x":0,"y":0,"w":361,"h":361},"sourceSize":{"w":361,"h":361}},"s (24).png":{"frame":{"x":1089,"y":1091,"w":360,"h":361},"rotated":false,"trimmed":true,"spriteSourceSize":{"x":1,"y":0,"w":360,"h":361},"sourceSize":{"w":361,"h":361}},"s (23).png":{"frame":{"x":2,"y":1480,"w":354,"h":282},"rotated":false,"trimmed":true,"spriteSourceSize":{"x":0,"y":36,"w":354,"h":282},"sourceSize":{"w":361,"h":361}},"s (22).png":{"frame":{"x":728,"y":1452,"w":353,"h":284},"rotated":false,"trimmed":true,"spriteSourceSize":{"x":2,"y":36,"w":353,"h":284},"sourceSize":{"w":361,"h":361}},"s (21).png":{"frame":{"x":1636,"y":2,"w":361,"h":359},"rotated":true,"trimmed":true,"spriteSourceSize":{"x":0,"y":0,"w":361,"h":359},"sourceSize":{"w":361,"h":361}},"s (20).png":{"frame":{"x":1629,"y":365,"w":361,"h":359},"rotated":false,"trimmed":true,"spriteSourceSize":{"x":0,"y":0,"w":361,"h":359},"sourceSize":{"w":361,"h":361}},"s (2).png":{"frame":{"x":358,"y":1480,"w":253,"h":259},"rotated":false,"trimmed":true,"spriteSourceSize":{"x":54,"y":51,"w":253,"h":259},"sourceSize":{"w":361,"h":361}},"s (19).png":{"frame":{"x":1629,"y":726,"w":361,"h":361},"rotated":false,"trimmed":false,"spriteSourceSize":{"x":0,"y":0,"w":361,"h":361},"sourceSize":{"w":361,"h":361}},"s (18).png":{"frame":{"x":1611,"y":1089,"w":361,"h":361},"rotated":false,"trimmed":false,"spriteSourceSize":{"x":0,"y":0,"w":361,"h":361},"sourceSize":{"w":361,"h":361}},"s (17).png":{"frame":{"x":2,"y":1764,"w":361,"h":361},"rotated":false,"trimmed":false,"spriteSourceSize":{"x":0,"y":0,"w":361,"h":361},"sourceSize":{"w":361,"h":361}},"s (16).png":{"frame":{"x":365,"y":1741,"w":361,"h":361},"rotated":false,"trimmed":false,"spriteSourceSize":{"x":0,"y":0,"w":361,"h":361},"sourceSize":{"w":361,"h":361}},"s (15).png":{"frame":{"x":728,"y":1738,"w":361,"h":361},"rotated":false,"trimmed":false,"spriteSourceSize":{"x":0,"y":0,"w":361,"h":361},"sourceSize":{"w":361,"h":361}},"s (14).png":{"frame":{"x":1451,"y":1452,"w":361,"h":361},"rotated":false,"trimmed":false,"spriteSourceSize":{"x":0,"y":0,"w":361,"h":361},"sourceSize":{"w":361,"h":361}},"s (13).png":{"frame":{"x":1083,"y":1454,"w":355,"h":281},"rotated":false,"trimmed":true,"spriteSourceSize":{"x":2,"y":36,"w":355,"h":281},"sourceSize":{"w":361,"h":361}},"s (12).png":{"frame":{"x":1091,"y":1737,"w":354,"h":280},"rotated":false,"trimmed":true,"spriteSourceSize":{"x":3,"y":37,"w":354,"h":280},"sourceSize":{"w":361,"h":361}},"s (11).png":{"frame":{"x":1447,"y":1815,"w":354,"h":281},"rotated":false,"trimmed":true,"spriteSourceSize":{"x":3,"y":36,"w":354,"h":281},"sourceSize":{"w":361,"h":361}},"s (10).png":{"frame":{"x":1997,"y":2,"w":354,"h":282},"rotated":true,"trimmed":true,"spriteSourceSize":{"x":3,"y":35,"w":354,"h":282},"sourceSize":{"w":361,"h":361}},"s (1).png":{"frame":{"x":1997,"y":358,"w":253,"h":259},"rotated":true,"trimmed":true,"spriteSourceSize":{"x":54,"y":51,"w":253,"h":259},"sourceSize":{"w":361,"h":361}}},"animations":{},"meta":{"app":"http://github.com/pixijs/assetpack","version":"1.0","image":"s.webp","format":"RGBA8888","size":{"w":2281,"h":2127},"scale":1,"related_multi_packs":[]}}