{"frames":{"h4 (9).png":{"frame":{"x":2,"y":2,"w":192,"h":242},"rotated":false,"trimmed":true,"spriteSourceSize":{"x":8,"y":16,"w":192,"h":242},"sourceSize":{"w":203,"h":259}},"h4 (8).png":{"frame":{"x":196,"y":2,"w":197,"h":253},"rotated":false,"trimmed":true,"spriteSourceSize":{"x":5,"y":5,"w":197,"h":253},"sourceSize":{"w":203,"h":259}},"h4 (7).png":{"frame":{"x":2,"y":257,"w":199,"h":253},"rotated":true,"trimmed":true,"spriteSourceSize":{"x":4,"y":5,"w":199,"h":253},"sourceSize":{"w":203,"h":259}},"h4 (6).png":{"frame":{"x":257,"y":257,"w":199,"h":255},"rotated":true,"trimmed":true,"spriteSourceSize":{"x":4,"y":4,"w":199,"h":255},"sourceSize":{"w":203,"h":259}},"h4 (5).png":{"frame":{"x":2,"y":458,"w":201,"h":256},"rotated":true,"trimmed":true,"spriteSourceSize":{"x":2,"y":2,"w":201,"h":256},"sourceSize":{"w":203,"h":259}},"h4 (4).png":{"frame":{"x":260,"y":458,"w":201,"h":259},"rotated":true,"trimmed":true,"spriteSourceSize":{"x":2,"y":0,"w":201,"h":259},"sourceSize":{"w":203,"h":259}},"h4 (36).png":{"frame":{"x":521,"y":2,"w":203,"h":259},"rotated":true,"trimmed":false,"spriteSourceSize":{"x":0,"y":0,"w":203,"h":259},"sourceSize":{"w":203,"h":259}},"h4 (35).png":{"frame":{"x":521,"y":207,"w":203,"h":258},"rotated":true,"trimmed":true,"spriteSourceSize":{"x":0,"y":0,"w":203,"h":258},"sourceSize":{"w":203,"h":259}},"h4 (34).png":{"frame":{"x":521,"y":412,"w":203,"h":258},"rotated":true,"trimmed":true,"spriteSourceSize":{"x":0,"y":0,"w":203,"h":258},"sourceSize":{"w":203,"h":259}},"h4 (33).png":{"frame":{"x":2,"y":661,"w":203,"h":258},"rotated":true,"trimmed":true,"spriteSourceSize":{"x":0,"y":0,"w":203,"h":258},"sourceSize":{"w":203,"h":259}},"h4 (32).png":{"frame":{"x":262,"y":661,"w":203,"h":258},"rotated":true,"trimmed":true,"spriteSourceSize":{"x":0,"y":0,"w":203,"h":258},"sourceSize":{"w":203,"h":259}},"h4 (31).png":{"frame":{"x":522,"y":617,"w":203,"h":258},"rotated":true,"trimmed":true,"spriteSourceSize":{"x":0,"y":0,"w":203,"h":258},"sourceSize":{"w":203,"h":259}},"h4 (30).png":{"frame":{"x":782,"y":2,"w":203,"h":258},"rotated":false,"trimmed":true,"spriteSourceSize":{"x":0,"y":0,"w":203,"h":258},"sourceSize":{"w":203,"h":259}},"h4 (3).png":{"frame":{"x":782,"y":262,"w":201,"h":259},"rotated":false,"trimmed":true,"spriteSourceSize":{"x":2,"y":0,"w":201,"h":259},"sourceSize":{"w":203,"h":259}},"h4 (29).png":{"frame":{"x":782,"y":523,"w":201,"h":258},"rotated":false,"trimmed":true,"spriteSourceSize":{"x":2,"y":0,"w":201,"h":258},"sourceSize":{"w":203,"h":259}},"h4 (28).png":{"frame":{"x":2,"y":866,"w":200,"h":258},"rotated":true,"trimmed":true,"spriteSourceSize":{"x":2,"y":0,"w":200,"h":258},"sourceSize":{"w":203,"h":259}},"h4 (27).png":{"frame":{"x":782,"y":783,"w":201,"h":258},"rotated":false,"trimmed":true,"spriteSourceSize":{"x":2,"y":0,"w":201,"h":258},"sourceSize":{"w":203,"h":259}},"h4 (26).png":{"frame":{"x":262,"y":866,"w":200,"h":257},"rotated":true,"trimmed":true,"spriteSourceSize":{"x":3,"y":2,"w":200,"h":257},"sourceSize":{"w":203,"h":259}},"h4 (25).png":{"frame":{"x":522,"y":822,"w":199,"h":257},"rotated":true,"trimmed":true,"spriteSourceSize":{"x":4,"y":2,"w":199,"h":257},"sourceSize":{"w":203,"h":259}},"h4 (24).png":{"frame":{"x":987,"y":2,"w":196,"h":256},"rotated":false,"trimmed":true,"spriteSourceSize":{"x":5,"y":3,"w":196,"h":256},"sourceSize":{"w":203,"h":259}},"h4 (23).png":{"frame":{"x":987,"y":260,"w":195,"h":254},"rotated":false,"trimmed":true,"spriteSourceSize":{"x":6,"y":5,"w":195,"h":254},"sourceSize":{"w":203,"h":259}},"h4 (22).png":{"frame":{"x":985,"y":516,"w":192,"h":248},"rotated":false,"trimmed":true,"spriteSourceSize":{"x":8,"y":11,"w":192,"h":248},"sourceSize":{"w":203,"h":259}},"h4 (21).png":{"frame":{"x":985,"y":766,"w":192,"h":244},"rotated":false,"trimmed":true,"spriteSourceSize":{"x":8,"y":15,"w":192,"h":244},"sourceSize":{"w":203,"h":259}},"h4 (20).png":{"frame":{"x":2,"y":1068,"w":191,"h":235},"rotated":true,"trimmed":true,"spriteSourceSize":{"x":9,"y":24,"w":191,"h":235},"sourceSize":{"w":203,"h":259}},"h4 (2).png":{"frame":{"x":521,"y":1023,"w":203,"h":259},"rotated":true,"trimmed":false,"spriteSourceSize":{"x":0,"y":0,"w":203,"h":259},"sourceSize":{"w":203,"h":259}},"h4 (19).png":{"frame":{"x":239,"y":1068,"w":191,"h":220},"rotated":true,"trimmed":true,"spriteSourceSize":{"x":8,"y":39,"w":191,"h":220},"sourceSize":{"w":203,"h":259}},"h4 (18).png":{"frame":{"x":782,"y":1043,"w":190,"h":215},"rotated":false,"trimmed":true,"spriteSourceSize":{"x":9,"y":44,"w":190,"h":215},"sourceSize":{"w":203,"h":259}},"h4 (17).png":{"frame":{"x":974,"y":1043,"w":188,"h":211},"rotated":false,"trimmed":true,"spriteSourceSize":{"x":10,"y":48,"w":188,"h":211},"sourceSize":{"w":203,"h":259}},"h4 (16).png":{"frame":{"x":1179,"y":516,"w":189,"h":210},"rotated":true,"trimmed":true,"spriteSourceSize":{"x":9,"y":49,"w":189,"h":210},"sourceSize":{"w":203,"h":259}},"h4 (15).png":{"frame":{"x":1179,"y":707,"w":189,"h":211},"rotated":true,"trimmed":true,"spriteSourceSize":{"x":9,"y":48,"w":189,"h":211},"sourceSize":{"w":203,"h":259}},"h4 (14).png":{"frame":{"x":1179,"y":898,"w":190,"h":211},"rotated":true,"trimmed":true,"spriteSourceSize":{"x":9,"y":47,"w":190,"h":211},"sourceSize":{"w":203,"h":259}},"h4 (13).png":{"frame":{"x":1185,"y":2,"w":190,"h":217},"rotated":false,"trimmed":true,"spriteSourceSize":{"x":9,"y":41,"w":190,"h":217},"sourceSize":{"w":203,"h":259}},"h4 (12).png":{"frame":{"x":1185,"y":221,"w":190,"h":217},"rotated":false,"trimmed":true,"spriteSourceSize":{"x":9,"y":41,"w":190,"h":217},"sourceSize":{"w":203,"h":259}},"h4 (11).png":{"frame":{"x":1164,"y":1090,"w":191,"h":229},"rotated":true,"trimmed":true,"spriteSourceSize":{"x":9,"y":29,"w":191,"h":229},"sourceSize":{"w":203,"h":259}},"h4 (10).png":{"frame":{"x":2,"y":1261,"w":191,"h":236},"rotated":true,"trimmed":true,"spriteSourceSize":{"x":9,"y":22,"w":191,"h":236},"sourceSize":{"w":203,"h":259}},"h4 (1).png":{"frame":{"x":461,"y":1228,"w":203,"h":259},"rotated":true,"trimmed":false,"spriteSourceSize":{"x":0,"y":0,"w":203,"h":259},"sourceSize":{"w":203,"h":259}}},"animations":{},"meta":{"app":"http://github.com/pixijs/assetpack","version":"1.0","image":"h4.webp","format":"RGBA8888","size":{"w":1395,"h":1454},"scale":1,"related_multi_packs":[]}}