{"frames":{"l3 (9).png":{"frame":{"x":2,"y":2,"w":289,"h":268},"rotated":false,"trimmed":true,"spriteSourceSize":{"x":44,"y":51,"w":289,"h":268},"sourceSize":{"w":359,"h":359}},"l3 (8).png":{"frame":{"x":2,"y":272,"w":255,"h":258},"rotated":true,"trimmed":true,"spriteSourceSize":{"x":52,"y":51,"w":255,"h":258},"sourceSize":{"w":359,"h":359}},"l3 (7).png":{"frame":{"x":262,"y":272,"w":255,"h":258},"rotated":true,"trimmed":true,"spriteSourceSize":{"x":52,"y":51,"w":255,"h":258},"sourceSize":{"w":359,"h":359}},"l3 (6).png":{"frame":{"x":293,"y":2,"w":255,"h":258},"rotated":false,"trimmed":true,"spriteSourceSize":{"x":52,"y":51,"w":255,"h":258},"sourceSize":{"w":359,"h":359}},"l3 (5).png":{"frame":{"x":2,"y":529,"w":255,"h":258},"rotated":true,"trimmed":true,"spriteSourceSize":{"x":52,"y":51,"w":255,"h":258},"sourceSize":{"w":359,"h":359}},"l3 (4).png":{"frame":{"x":262,"y":529,"w":255,"h":258},"rotated":true,"trimmed":true,"spriteSourceSize":{"x":52,"y":51,"w":255,"h":258},"sourceSize":{"w":359,"h":359}},"l3 (36).png":{"frame":{"x":550,"y":2,"w":255,"h":258},"rotated":false,"trimmed":true,"spriteSourceSize":{"x":52,"y":51,"w":255,"h":258},"sourceSize":{"w":359,"h":359}},"l3 (35).png":{"frame":{"x":522,"y":262,"w":291,"h":264},"rotated":true,"trimmed":true,"spriteSourceSize":{"x":16,"y":51,"w":291,"h":264},"sourceSize":{"w":359,"h":359}},"l3 (34).png":{"frame":{"x":2,"y":786,"w":323,"h":312},"rotated":false,"trimmed":true,"spriteSourceSize":{"x":15,"y":0,"w":323,"h":312},"sourceSize":{"w":359,"h":359}},"l3 (33).png":{"frame":{"x":327,"y":786,"w":346,"h":311},"rotated":false,"trimmed":true,"spriteSourceSize":{"x":13,"y":0,"w":346,"h":311},"sourceSize":{"w":359,"h":359}},"l3 (32).png":{"frame":{"x":807,"y":2,"w":346,"h":309},"rotated":true,"trimmed":true,"spriteSourceSize":{"x":13,"y":0,"w":346,"h":309},"sourceSize":{"w":359,"h":359}},"l3 (31).png":{"frame":{"x":788,"y":350,"w":359,"h":307},"rotated":true,"trimmed":true,"spriteSourceSize":{"x":0,"y":2,"w":359,"h":307},"sourceSize":{"w":359,"h":359}},"l3 (30).png":{"frame":{"x":675,"y":711,"w":359,"h":302},"rotated":true,"trimmed":true,"spriteSourceSize":{"x":0,"y":7,"w":359,"h":302},"sourceSize":{"w":359,"h":359}},"l3 (3).png":{"frame":{"x":2,"y":1100,"w":255,"h":258},"rotated":true,"trimmed":true,"spriteSourceSize":{"x":52,"y":51,"w":255,"h":258},"sourceSize":{"w":359,"h":359}},"l3 (29).png":{"frame":{"x":1118,"y":2,"w":342,"h":305},"rotated":true,"trimmed":true,"spriteSourceSize":{"x":14,"y":4,"w":342,"h":305},"sourceSize":{"w":359,"h":359}},"l3 (28).png":{"frame":{"x":1118,"y":346,"w":339,"h":305},"rotated":true,"trimmed":true,"spriteSourceSize":{"x":14,"y":6,"w":339,"h":305},"sourceSize":{"w":359,"h":359}},"l3 (27).png":{"frame":{"x":1097,"y":687,"w":333,"h":306},"rotated":true,"trimmed":true,"spriteSourceSize":{"x":16,"y":8,"w":333,"h":306},"sourceSize":{"w":359,"h":359}},"l3 (26).png":{"frame":{"x":979,"y":1022,"w":326,"h":318},"rotated":true,"trimmed":true,"spriteSourceSize":{"x":17,"y":9,"w":326,"h":318},"sourceSize":{"w":359,"h":359}},"l3 (25).png":{"frame":{"x":2,"y":1357,"w":321,"h":325},"rotated":true,"trimmed":true,"spriteSourceSize":{"x":20,"y":5,"w":321,"h":325},"sourceSize":{"w":359,"h":359}},"l3 (24).png":{"frame":{"x":329,"y":1350,"w":321,"h":319},"rotated":true,"trimmed":true,"spriteSourceSize":{"x":20,"y":11,"w":321,"h":319},"sourceSize":{"w":359,"h":359}},"l3 (23).png":{"frame":{"x":650,"y":1099,"w":318,"h":318},"rotated":false,"trimmed":true,"spriteSourceSize":{"x":21,"y":12,"w":318,"h":318},"sourceSize":{"w":359,"h":359}},"l3 (22).png":{"frame":{"x":970,"y":1350,"w":309,"h":314},"rotated":false,"trimmed":true,"spriteSourceSize":{"x":27,"y":13,"w":309,"h":314},"sourceSize":{"w":359,"h":359}},"l3 (21).png":{"frame":{"x":1425,"y":2,"w":303,"h":317},"rotated":false,"trimmed":true,"spriteSourceSize":{"x":30,"y":13,"w":303,"h":317},"sourceSize":{"w":359,"h":359}},"l3 (20).png":{"frame":{"x":1425,"y":321,"w":295,"h":306},"rotated":false,"trimmed":true,"spriteSourceSize":{"x":36,"y":26,"w":295,"h":306},"sourceSize":{"w":359,"h":359}},"l3 (2).png":{"frame":{"x":650,"y":1419,"w":255,"h":258},"rotated":false,"trimmed":true,"spriteSourceSize":{"x":52,"y":51,"w":255,"h":258},"sourceSize":{"w":359,"h":359}},"l3 (19).png":{"frame":{"x":1405,"y":687,"w":308,"h":305},"rotated":false,"trimmed":true,"spriteSourceSize":{"x":38,"y":20,"w":308,"h":305},"sourceSize":{"w":359,"h":359}},"l3 (18).png":{"frame":{"x":1405,"y":994,"w":302,"h":308},"rotated":true,"trimmed":true,"spriteSourceSize":{"x":40,"y":22,"w":302,"h":308},"sourceSize":{"w":359,"h":359}},"l3 (17).png":{"frame":{"x":1281,"y":1350,"w":288,"h":292},"rotated":false,"trimmed":true,"spriteSourceSize":{"x":39,"y":32,"w":288,"h":292},"sourceSize":{"w":359,"h":359}},"l3 (16).png":{"frame":{"x":2,"y":1680,"w":305,"h":286},"rotated":false,"trimmed":true,"spriteSourceSize":{"x":33,"y":34,"w":305,"h":286},"sourceSize":{"w":359,"h":359}},"l3 (15).png":{"frame":{"x":907,"y":1666,"w":308,"h":298},"rotated":false,"trimmed":true,"spriteSourceSize":{"x":32,"y":26,"w":308,"h":298},"sourceSize":{"w":359,"h":359}},"l3 (14).png":{"frame":{"x":329,"y":1673,"w":305,"h":291},"rotated":false,"trimmed":true,"spriteSourceSize":{"x":34,"y":36,"w":305,"h":291},"sourceSize":{"w":359,"h":359}},"l3 (13).png":{"frame":{"x":1217,"y":1666,"w":303,"h":297},"rotated":false,"trimmed":true,"spriteSourceSize":{"x":34,"y":36,"w":303,"h":297},"sourceSize":{"w":359,"h":359}},"l3 (12).png":{"frame":{"x":1730,"y":2,"w":301,"h":297},"rotated":true,"trimmed":true,"spriteSourceSize":{"x":33,"y":37,"w":301,"h":297},"sourceSize":{"w":359,"h":359}},"l3 (11).png":{"frame":{"x":636,"y":1679,"w":287,"h":268},"rotated":true,"trimmed":true,"spriteSourceSize":{"x":39,"y":50,"w":287,"h":268},"sourceSize":{"w":359,"h":359}},"l3 (10).png":{"frame":{"x":1730,"y":305,"w":295,"h":271},"rotated":false,"trimmed":true,"spriteSourceSize":{"x":39,"y":51,"w":295,"h":271},"sourceSize":{"w":359,"h":359}},"l3 (1).png":{"frame":{"x":1722,"y":578,"w":255,"h":258},"rotated":true,"trimmed":true,"spriteSourceSize":{"x":52,"y":51,"w":255,"h":258},"sourceSize":{"w":359,"h":359}}},"animations":{},"meta":{"app":"http://github.com/pixijs/assetpack","version":"1.0","image":"l3.webp","format":"RGBA8888","size":{"w":2029,"h":1968},"scale":1,"related_multi_packs":[]}}