{"frames":{"h5 (9).png":{"frame":{"x":2,"y":2,"w":268,"h":261},"rotated":false,"trimmed":true,"spriteSourceSize":{"x":60,"y":46,"w":268,"h":261},"sourceSize":{"w":386,"h":386}},"h5 (8).png":{"frame":{"x":2,"y":265,"w":265,"h":271},"rotated":true,"trimmed":true,"spriteSourceSize":{"x":76,"y":37,"w":265,"h":271},"sourceSize":{"w":386,"h":386}},"h5 (7).png":{"frame":{"x":275,"y":2,"w":264,"h":271},"rotated":false,"trimmed":true,"spriteSourceSize":{"x":77,"y":40,"w":264,"h":271},"sourceSize":{"w":386,"h":386}},"h5 (6).png":{"frame":{"x":2,"y":532,"w":262,"h":269},"rotated":true,"trimmed":true,"spriteSourceSize":{"x":77,"y":45,"w":262,"h":269},"sourceSize":{"w":386,"h":386}},"h5 (5).png":{"frame":{"x":275,"y":275,"w":257,"h":264},"rotated":true,"trimmed":true,"spriteSourceSize":{"x":73,"y":56,"w":257,"h":264},"sourceSize":{"w":386,"h":386}},"h5 (4).png":{"frame":{"x":273,"y":534,"w":258,"h":260},"rotated":false,"trimmed":true,"spriteSourceSize":{"x":68,"y":61,"w":258,"h":260},"sourceSize":{"w":386,"h":386}},"h5 (36).png":{"frame":{"x":541,"y":2,"w":258,"h":257},"rotated":true,"trimmed":true,"spriteSourceSize":{"x":64,"y":65,"w":258,"h":257},"sourceSize":{"w":386,"h":386}},"h5 (35).png":{"frame":{"x":541,"y":262,"w":258,"h":257},"rotated":true,"trimmed":true,"spriteSourceSize":{"x":64,"y":65,"w":258,"h":257},"sourceSize":{"w":386,"h":386}},"h5 (34).png":{"frame":{"x":541,"y":522,"w":258,"h":257},"rotated":true,"trimmed":true,"spriteSourceSize":{"x":64,"y":65,"w":258,"h":257},"sourceSize":{"w":386,"h":386}},"h5 (33).png":{"frame":{"x":2,"y":796,"w":258,"h":259},"rotated":true,"trimmed":true,"spriteSourceSize":{"x":64,"y":63,"w":258,"h":259},"sourceSize":{"w":386,"h":386}},"h5 (32).png":{"frame":{"x":533,"y":782,"w":269,"h":259},"rotated":true,"trimmed":true,"spriteSourceSize":{"x":64,"y":63,"w":269,"h":259},"sourceSize":{"w":386,"h":386}},"h5 (31).png":{"frame":{"x":800,"y":2,"w":367,"h":258},"rotated":true,"trimmed":true,"spriteSourceSize":{"x":9,"y":64,"w":367,"h":258},"sourceSize":{"w":386,"h":386}},"h5 (30).png":{"frame":{"x":2,"y":1056,"w":386,"h":318},"rotated":false,"trimmed":true,"spriteSourceSize":{"x":0,"y":4,"w":386,"h":318},"sourceSize":{"w":386,"h":386}},"h5 (3).png":{"frame":{"x":800,"y":371,"w":258,"h":257},"rotated":false,"trimmed":true,"spriteSourceSize":{"x":65,"y":64,"w":258,"h":257},"sourceSize":{"w":386,"h":386}},"h5 (29).png":{"frame":{"x":1060,"y":2,"w":386,"h":322},"rotated":true,"trimmed":true,"spriteSourceSize":{"x":0,"y":0,"w":386,"h":322},"sourceSize":{"w":386,"h":386}},"h5 (28).png":{"frame":{"x":1060,"y":390,"w":386,"h":322},"rotated":true,"trimmed":true,"spriteSourceSize":{"x":0,"y":0,"w":386,"h":322},"sourceSize":{"w":386,"h":386}},"h5 (27).png":{"frame":{"x":800,"y":778,"w":386,"h":322},"rotated":false,"trimmed":true,"spriteSourceSize":{"x":0,"y":3,"w":386,"h":322},"sourceSize":{"w":386,"h":386}},"h5 (26).png":{"frame":{"x":2,"y":1376,"w":386,"h":325},"rotated":false,"trimmed":true,"spriteSourceSize":{"x":0,"y":3,"w":386,"h":325},"sourceSize":{"w":386,"h":386}},"h5 (25).png":{"frame":{"x":390,"y":1053,"w":386,"h":255},"rotated":false,"trimmed":true,"spriteSourceSize":{"x":0,"y":76,"w":386,"h":255},"sourceSize":{"w":386,"h":386}},"h5 (24).png":{"frame":{"x":390,"y":1310,"w":386,"h":266},"rotated":true,"trimmed":true,"spriteSourceSize":{"x":0,"y":67,"w":386,"h":266},"sourceSize":{"w":386,"h":386}},"h5 (23).png":{"frame":{"x":658,"y":1310,"w":386,"h":272},"rotated":true,"trimmed":true,"spriteSourceSize":{"x":0,"y":59,"w":386,"h":272},"sourceSize":{"w":386,"h":386}},"h5 (22).png":{"frame":{"x":932,"y":1102,"w":383,"h":274},"rotated":false,"trimmed":true,"spriteSourceSize":{"x":3,"y":47,"w":383,"h":274},"sourceSize":{"w":386,"h":386}},"h5 (21).png":{"frame":{"x":932,"y":1378,"w":386,"h":272},"rotated":false,"trimmed":true,"spriteSourceSize":{"x":0,"y":44,"w":386,"h":272},"sourceSize":{"w":386,"h":386}},"h5 (20).png":{"frame":{"x":1384,"y":2,"w":386,"h":268},"rotated":true,"trimmed":true,"spriteSourceSize":{"x":0,"y":45,"w":386,"h":268},"sourceSize":{"w":386,"h":386}},"h5 (2).png":{"frame":{"x":1384,"y":390,"w":258,"h":257},"rotated":false,"trimmed":true,"spriteSourceSize":{"x":64,"y":65,"w":258,"h":257},"sourceSize":{"w":386,"h":386}},"h5 (19).png":{"frame":{"x":1384,"y":649,"w":386,"h":258},"rotated":true,"trimmed":true,"spriteSourceSize":{"x":0,"y":56,"w":386,"h":258},"sourceSize":{"w":386,"h":386}},"h5 (18).png":{"frame":{"x":1320,"y":1037,"w":386,"h":266},"rotated":true,"trimmed":true,"spriteSourceSize":{"x":0,"y":52,"w":386,"h":266},"sourceSize":{"w":386,"h":386}},"h5 (17).png":{"frame":{"x":1654,"y":2,"w":386,"h":270},"rotated":true,"trimmed":true,"spriteSourceSize":{"x":0,"y":54,"w":386,"h":270},"sourceSize":{"w":386,"h":386}},"h5 (16).png":{"frame":{"x":1320,"y":1425,"w":386,"h":264},"rotated":false,"trimmed":true,"spriteSourceSize":{"x":0,"y":71,"w":386,"h":264},"sourceSize":{"w":386,"h":386}},"h5 (15).png":{"frame":{"x":1588,"y":1037,"w":386,"h":256},"rotated":true,"trimmed":true,"spriteSourceSize":{"x":0,"y":81,"w":386,"h":256},"sourceSize":{"w":386,"h":386}},"h5 (14).png":{"frame":{"x":1644,"y":390,"w":386,"h":265},"rotated":true,"trimmed":true,"spriteSourceSize":{"x":0,"y":71,"w":386,"h":265},"sourceSize":{"w":386,"h":386}},"h5 (13).png":{"frame":{"x":2,"y":1703,"w":319,"h":275},"rotated":false,"trimmed":true,"spriteSourceSize":{"x":23,"y":49,"w":319,"h":275},"sourceSize":{"w":386,"h":386}},"h5 (12).png":{"frame":{"x":323,"y":1703,"w":316,"h":274},"rotated":false,"trimmed":true,"spriteSourceSize":{"x":22,"y":44,"w":316,"h":274},"sourceSize":{"w":386,"h":386}},"h5 (11).png":{"frame":{"x":641,"y":1698,"w":292,"h":262},"rotated":false,"trimmed":true,"spriteSourceSize":{"x":37,"y":49,"w":292,"h":262},"sourceSize":{"w":386,"h":386}},"h5 (10).png":{"frame":{"x":1644,"y":778,"w":275,"h":250},"rotated":false,"trimmed":true,"spriteSourceSize":{"x":48,"y":59,"w":275,"h":250},"sourceSize":{"w":386,"h":386}},"h5 (1).png":{"frame":{"x":935,"y":1691,"w":258,"h":257},"rotated":true,"trimmed":true,"spriteSourceSize":{"x":64,"y":65,"w":258,"h":257},"sourceSize":{"w":386,"h":386}}},"animations":{},"meta":{"app":"http://github.com/pixijs/assetpack","version":"1.0","image":"h5.webp","format":"RGBA8888","size":{"w":1926,"h":1980},"scale":1,"related_multi_packs":[]}}