{"frames":{"l2 (9).png":{"frame":{"x":2,"y":2,"w":331,"h":193},"rotated":false,"trimmed":true,"spriteSourceSize":{"x":63,"y":40,"w":331,"h":193},"sourceSize":{"w":394,"h":283}},"l2 (8).png":{"frame":{"x":2,"y":197,"w":259,"h":186},"rotated":false,"trimmed":true,"spriteSourceSize":{"x":68,"y":49,"w":259,"h":186},"sourceSize":{"w":394,"h":283}},"l2 (7).png":{"frame":{"x":335,"y":2,"w":259,"h":187},"rotated":true,"trimmed":true,"spriteSourceSize":{"x":68,"y":48,"w":259,"h":187},"sourceSize":{"w":394,"h":283}},"l2 (6).png":{"frame":{"x":263,"y":263,"w":259,"h":187},"rotated":false,"trimmed":true,"spriteSourceSize":{"x":68,"y":48,"w":259,"h":187},"sourceSize":{"w":394,"h":283}},"l2 (5).png":{"frame":{"x":2,"y":385,"w":259,"h":187},"rotated":false,"trimmed":true,"spriteSourceSize":{"x":68,"y":48,"w":259,"h":187},"sourceSize":{"w":394,"h":283}},"l2 (4).png":{"frame":{"x":524,"y":2,"w":259,"h":187},"rotated":true,"trimmed":true,"spriteSourceSize":{"x":68,"y":48,"w":259,"h":187},"sourceSize":{"w":394,"h":283}},"l2 (36).png":{"frame":{"x":524,"y":263,"w":259,"h":187},"rotated":true,"trimmed":true,"spriteSourceSize":{"x":68,"y":48,"w":259,"h":187},"sourceSize":{"w":394,"h":283}},"l2 (35).png":{"frame":{"x":263,"y":452,"w":259,"h":187},"rotated":false,"trimmed":true,"spriteSourceSize":{"x":68,"y":48,"w":259,"h":187},"sourceSize":{"w":394,"h":283}},"l2 (34).png":{"frame":{"x":2,"y":574,"w":259,"h":187},"rotated":false,"trimmed":true,"spriteSourceSize":{"x":68,"y":48,"w":259,"h":187},"sourceSize":{"w":394,"h":283}},"l2 (33).png":{"frame":{"x":713,"y":2,"w":259,"h":187},"rotated":true,"trimmed":true,"spriteSourceSize":{"x":68,"y":48,"w":259,"h":187},"sourceSize":{"w":394,"h":283}},"l2 (32).png":{"frame":{"x":524,"y":524,"w":255,"h":192},"rotated":false,"trimmed":true,"spriteSourceSize":{"x":69,"y":43,"w":255,"h":192},"sourceSize":{"w":394,"h":283}},"l2 (31).png":{"frame":{"x":2,"y":763,"w":248,"h":204},"rotated":false,"trimmed":true,"spriteSourceSize":{"x":70,"y":32,"w":248,"h":204},"sourceSize":{"w":394,"h":283}},"l2 (30).png":{"frame":{"x":263,"y":718,"w":241,"h":211},"rotated":true,"trimmed":true,"spriteSourceSize":{"x":73,"y":26,"w":241,"h":211},"sourceSize":{"w":394,"h":283}},"l2 (3).png":{"frame":{"x":713,"y":263,"w":259,"h":187},"rotated":true,"trimmed":true,"spriteSourceSize":{"x":68,"y":48,"w":259,"h":187},"sourceSize":{"w":394,"h":283}},"l2 (29).png":{"frame":{"x":476,"y":718,"w":225,"h":227},"rotated":false,"trimmed":true,"spriteSourceSize":{"x":78,"y":11,"w":225,"h":227},"sourceSize":{"w":394,"h":283}},"l2 (28).png":{"frame":{"x":902,"y":2,"w":224,"h":228},"rotated":false,"trimmed":true,"spriteSourceSize":{"x":78,"y":11,"w":224,"h":228},"sourceSize":{"w":394,"h":283}},"l2 (27).png":{"frame":{"x":902,"y":232,"w":224,"h":228},"rotated":false,"trimmed":true,"spriteSourceSize":{"x":78,"y":11,"w":224,"h":228},"sourceSize":{"w":394,"h":283}},"l2 (26).png":{"frame":{"x":902,"y":462,"w":221,"h":229},"rotated":false,"trimmed":true,"spriteSourceSize":{"x":79,"y":9,"w":221,"h":229},"sourceSize":{"w":394,"h":283}},"l2 (25).png":{"frame":{"x":703,"y":718,"w":226,"h":224},"rotated":true,"trimmed":true,"spriteSourceSize":{"x":78,"y":13,"w":226,"h":224},"sourceSize":{"w":394,"h":283}},"l2 (24).png":{"frame":{"x":2,"y":969,"w":227,"h":223},"rotated":false,"trimmed":true,"spriteSourceSize":{"x":78,"y":14,"w":227,"h":223},"sourceSize":{"w":394,"h":283}},"l2 (23).png":{"frame":{"x":231,"y":969,"w":285,"h":216},"rotated":false,"trimmed":true,"spriteSourceSize":{"x":74,"y":21,"w":285,"h":216},"sourceSize":{"w":394,"h":283}},"l2 (22).png":{"frame":{"x":518,"y":947,"w":322,"h":219},"rotated":false,"trimmed":true,"spriteSourceSize":{"x":72,"y":18,"w":322,"h":219},"sourceSize":{"w":394,"h":283}},"l2 (21).png":{"frame":{"x":1128,"y":2,"w":322,"h":230},"rotated":true,"trimmed":true,"spriteSourceSize":{"x":72,"y":9,"w":322,"h":230},"sourceSize":{"w":394,"h":283}},"l2 (20).png":{"frame":{"x":842,"y":946,"w":322,"h":235},"rotated":false,"trimmed":true,"spriteSourceSize":{"x":72,"y":0,"w":322,"h":235},"sourceSize":{"w":394,"h":283}},"l2 (2).png":{"frame":{"x":1166,"y":326,"w":259,"h":186},"rotated":true,"trimmed":true,"spriteSourceSize":{"x":68,"y":49,"w":259,"h":186},"sourceSize":{"w":394,"h":283}},"l2 (19).png":{"frame":{"x":929,"y":693,"w":322,"h":235},"rotated":false,"trimmed":true,"spriteSourceSize":{"x":72,"y":0,"w":322,"h":235},"sourceSize":{"w":394,"h":283}},"l2 (18).png":{"frame":{"x":518,"y":1168,"w":322,"h":235},"rotated":false,"trimmed":true,"spriteSourceSize":{"x":72,"y":0,"w":322,"h":235},"sourceSize":{"w":394,"h":283}},"l2 (17).png":{"frame":{"x":2,"y":1194,"w":322,"h":233},"rotated":false,"trimmed":true,"spriteSourceSize":{"x":72,"y":2,"w":322,"h":233},"sourceSize":{"w":394,"h":283}},"l2 (16).png":{"frame":{"x":842,"y":1183,"w":322,"h":235},"rotated":false,"trimmed":true,"spriteSourceSize":{"x":72,"y":0,"w":322,"h":235},"sourceSize":{"w":394,"h":283}},"l2 (15).png":{"frame":{"x":1360,"y":2,"w":322,"h":231},"rotated":true,"trimmed":true,"spriteSourceSize":{"x":72,"y":5,"w":322,"h":231},"sourceSize":{"w":394,"h":283}},"l2 (14).png":{"frame":{"x":1354,"y":326,"w":324,"h":225},"rotated":true,"trimmed":true,"spriteSourceSize":{"x":70,"y":11,"w":324,"h":225},"sourceSize":{"w":394,"h":283}},"l2 (13).png":{"frame":{"x":1253,"y":652,"w":324,"h":228},"rotated":false,"trimmed":true,"spriteSourceSize":{"x":70,"y":8,"w":324,"h":228},"sourceSize":{"w":394,"h":283}},"l2 (12).png":{"frame":{"x":1253,"y":882,"w":327,"h":212},"rotated":false,"trimmed":true,"spriteSourceSize":{"x":67,"y":23,"w":327,"h":212},"sourceSize":{"w":394,"h":283}},"l2 (11).png":{"frame":{"x":1166,"y":1096,"w":329,"h":201},"rotated":true,"trimmed":true,"spriteSourceSize":{"x":65,"y":33,"w":329,"h":201},"sourceSize":{"w":394,"h":283}},"l2 (10).png":{"frame":{"x":1369,"y":1096,"w":331,"h":190},"rotated":true,"trimmed":true,"spriteSourceSize":{"x":63,"y":43,"w":331,"h":190},"sourceSize":{"w":394,"h":283}},"l2 (1).png":{"frame":{"x":2,"y":1429,"w":259,"h":187},"rotated":false,"trimmed":true,"spriteSourceSize":{"x":68,"y":48,"w":259,"h":187},"sourceSize":{"w":394,"h":283}}},"animations":{},"meta":{"app":"http://github.com/pixijs/assetpack","version":"1.0","image":"l2.webp","format":"RGBA8888","size":{"w":1593,"h":1618},"scale":1,"related_multi_packs":[]}}