{"frames":{"intro3.png":{"frame":{"x":2,"y":2,"w":220,"h":220},"rotated":false,"trimmed":false,"spriteSourceSize":{"x":0,"y":0,"w":220,"h":220},"sourceSize":{"w":220,"h":220}},"intro2.png":{"frame":{"x":224,"y":2,"w":186,"h":218},"rotated":false,"trimmed":true,"spriteSourceSize":{"x":17,"y":0,"w":186,"h":218},"sourceSize":{"w":220,"h":220}},"intro1.png":{"frame":{"x":2,"y":224,"w":186,"h":218},"rotated":true,"trimmed":true,"spriteSourceSize":{"x":17,"y":0,"w":186,"h":218},"sourceSize":{"w":220,"h":220}},"frame_035.png":{"frame":{"x":412,"y":2,"w":253,"h":259},"rotated":false,"trimmed":true,"spriteSourceSize":{"x":74,"y":75,"w":253,"h":259},"sourceSize":{"w":409,"h":409}},"frame_034.png":{"frame":{"x":2,"y":412,"w":252,"h":259},"rotated":true,"trimmed":true,"spriteSourceSize":{"x":75,"y":75,"w":252,"h":259},"sourceSize":{"w":409,"h":409}},"frame_033.png":{"frame":{"x":2,"y":666,"w":409,"h":409},"rotated":false,"trimmed":false,"spriteSourceSize":{"x":0,"y":0,"w":409,"h":409},"sourceSize":{"w":409,"h":409}},"frame_032.png":{"frame":{"x":667,"y":2,"w":409,"h":409},"rotated":false,"trimmed":false,"spriteSourceSize":{"x":0,"y":0,"w":409,"h":409},"sourceSize":{"w":409,"h":409}},"frame_031.png":{"frame":{"x":413,"y":413,"w":409,"h":409},"rotated":false,"trimmed":false,"spriteSourceSize":{"x":0,"y":0,"w":409,"h":409},"sourceSize":{"w":409,"h":409}},"frame_030.png":{"frame":{"x":2,"y":1077,"w":409,"h":409},"rotated":false,"trimmed":false,"spriteSourceSize":{"x":0,"y":0,"w":409,"h":409},"sourceSize":{"w":409,"h":409}},"frame_029.png":{"frame":{"x":413,"y":824,"w":409,"h":409},"rotated":false,"trimmed":false,"spriteSourceSize":{"x":0,"y":0,"w":409,"h":409},"sourceSize":{"w":409,"h":409}},"frame_028.png":{"frame":{"x":1078,"y":2,"w":409,"h":409},"rotated":false,"trimmed":false,"spriteSourceSize":{"x":0,"y":0,"w":409,"h":409},"sourceSize":{"w":409,"h":409}},"frame_027.png":{"frame":{"x":824,"y":413,"w":409,"h":409},"rotated":false,"trimmed":false,"spriteSourceSize":{"x":0,"y":0,"w":409,"h":409},"sourceSize":{"w":409,"h":409}},"frame_026.png":{"frame":{"x":824,"y":824,"w":409,"h":409},"rotated":false,"trimmed":false,"spriteSourceSize":{"x":0,"y":0,"w":409,"h":409},"sourceSize":{"w":409,"h":409}},"frame_025.png":{"frame":{"x":2,"y":1488,"w":409,"h":409},"rotated":false,"trimmed":false,"spriteSourceSize":{"x":0,"y":0,"w":409,"h":409},"sourceSize":{"w":409,"h":409}},"frame_024.png":{"frame":{"x":413,"y":1235,"w":409,"h":409},"rotated":false,"trimmed":false,"spriteSourceSize":{"x":0,"y":0,"w":409,"h":409},"sourceSize":{"w":409,"h":409}},"frame_023.png":{"frame":{"x":824,"y":1235,"w":409,"h":409},"rotated":false,"trimmed":false,"spriteSourceSize":{"x":0,"y":0,"w":409,"h":409},"sourceSize":{"w":409,"h":409}},"frame_022.png":{"frame":{"x":1489,"y":2,"w":409,"h":409},"rotated":false,"trimmed":false,"spriteSourceSize":{"x":0,"y":0,"w":409,"h":409},"sourceSize":{"w":409,"h":409}},"frame_021.png":{"frame":{"x":1235,"y":413,"w":409,"h":409},"rotated":false,"trimmed":false,"spriteSourceSize":{"x":0,"y":0,"w":409,"h":409},"sourceSize":{"w":409,"h":409}},"frame_020.png":{"frame":{"x":1235,"y":824,"w":409,"h":409},"rotated":false,"trimmed":false,"spriteSourceSize":{"x":0,"y":0,"w":409,"h":409},"sourceSize":{"w":409,"h":409}},"frame_019.png":{"frame":{"x":1235,"y":1235,"w":286,"h":288},"rotated":false,"trimmed":true,"spriteSourceSize":{"x":41,"y":75,"w":286,"h":288},"sourceSize":{"w":409,"h":409}},"frame_018.png":{"frame":{"x":1235,"y":1525,"w":279,"h":289},"rotated":false,"trimmed":true,"spriteSourceSize":{"x":48,"y":75,"w":279,"h":289},"sourceSize":{"w":409,"h":409}},"frame_017.png":{"frame":{"x":1516,"y":1525,"w":272,"h":295},"rotated":false,"trimmed":true,"spriteSourceSize":{"x":55,"y":75,"w":272,"h":295},"sourceSize":{"w":409,"h":409}},"frame_016.png":{"frame":{"x":1523,"y":1235,"w":253,"h":283},"rotated":false,"trimmed":true,"spriteSourceSize":{"x":74,"y":75,"w":253,"h":283},"sourceSize":{"w":409,"h":409}},"frame_015.png":{"frame":{"x":413,"y":1646,"w":246,"h":279},"rotated":true,"trimmed":true,"spriteSourceSize":{"x":81,"y":75,"w":246,"h":279},"sourceSize":{"w":409,"h":409}},"frame_014.png":{"frame":{"x":694,"y":1646,"w":244,"h":260},"rotated":true,"trimmed":true,"spriteSourceSize":{"x":83,"y":75,"w":244,"h":260},"sourceSize":{"w":409,"h":409}},"frame_013.png":{"frame":{"x":956,"y":1646,"w":246,"h":259},"rotated":true,"trimmed":true,"spriteSourceSize":{"x":81,"y":75,"w":246,"h":259},"sourceSize":{"w":409,"h":409}},"frame_012.png":{"frame":{"x":1646,"y":413,"w":244,"h":260},"rotated":false,"trimmed":true,"spriteSourceSize":{"x":83,"y":74,"w":244,"h":260},"sourceSize":{"w":409,"h":409}},"frame_011.png":{"frame":{"x":1646,"y":675,"w":244,"h":259},"rotated":false,"trimmed":true,"spriteSourceSize":{"x":83,"y":75,"w":244,"h":259},"sourceSize":{"w":409,"h":409}},"frame_010.png":{"frame":{"x":1646,"y":936,"w":245,"h":259},"rotated":false,"trimmed":true,"spriteSourceSize":{"x":82,"y":75,"w":245,"h":259},"sourceSize":{"w":409,"h":409}},"frame_009.png":{"frame":{"x":2,"y":1899,"w":245,"h":259},"rotated":true,"trimmed":true,"spriteSourceSize":{"x":82,"y":75,"w":245,"h":259},"sourceSize":{"w":409,"h":409}},"frame_008.png":{"frame":{"x":694,"y":1892,"w":244,"h":259},"rotated":true,"trimmed":true,"spriteSourceSize":{"x":83,"y":75,"w":244,"h":259},"sourceSize":{"w":409,"h":409}},"frame_007.png":{"frame":{"x":263,"y":1899,"w":244,"h":261},"rotated":true,"trimmed":true,"spriteSourceSize":{"x":83,"y":73,"w":244,"h":261},"sourceSize":{"w":409,"h":409}},"frame_006.png":{"frame":{"x":955,"y":1894,"w":244,"h":263},"rotated":true,"trimmed":true,"spriteSourceSize":{"x":83,"y":71,"w":244,"h":263},"sourceSize":{"w":409,"h":409}},"frame_005.png":{"frame":{"x":1220,"y":1816,"w":244,"h":262},"rotated":true,"trimmed":true,"spriteSourceSize":{"x":83,"y":72,"w":244,"h":262},"sourceSize":{"w":409,"h":409}},"frame_004.png":{"frame":{"x":1484,"y":1822,"w":244,"h":261},"rotated":false,"trimmed":true,"spriteSourceSize":{"x":83,"y":73,"w":244,"h":261},"sourceSize":{"w":409,"h":409}},"frame_003.png":{"frame":{"x":1900,"y":2,"w":244,"h":259},"rotated":false,"trimmed":true,"spriteSourceSize":{"x":83,"y":75,"w":244,"h":259},"sourceSize":{"w":409,"h":409}},"frame_002.png":{"frame":{"x":1893,"y":413,"w":245,"h":256},"rotated":false,"trimmed":true,"spriteSourceSize":{"x":83,"y":78,"w":245,"h":256},"sourceSize":{"w":409,"h":409}},"frame_001.png":{"frame":{"x":1893,"y":671,"w":246,"h":256},"rotated":false,"trimmed":true,"spriteSourceSize":{"x":82,"y":78,"w":246,"h":256},"sourceSize":{"w":409,"h":409}},"frame_000.png":{"frame":{"x":1893,"y":929,"w":244,"h":258},"rotated":false,"trimmed":true,"spriteSourceSize":{"x":83,"y":76,"w":244,"h":258},"sourceSize":{"w":409,"h":409}}},"animations":{"frame":["frame_000.png","frame_001.png","frame_002.png","frame_003.png","frame_004.png","frame_005.png","frame_006.png","frame_007.png","frame_008.png","frame_009.png","frame_010.png","frame_011.png","frame_012.png","frame_013.png","frame_014.png","frame_015.png","frame_016.png","frame_017.png","frame_018.png","frame_019.png","frame_020.png","frame_021.png","frame_022.png","frame_023.png","frame_024.png","frame_025.png","frame_026.png","frame_027.png","frame_028.png","frame_029.png","frame_030.png","frame_031.png","frame_032.png","frame_033.png","frame_034.png","frame_035.png"],"intro":["intro1.png","intro2.png","intro3.png"]},"meta":{"app":"http://github.com/pixijs/assetpack","version":"1.0","image":"intro.webp","format":"RGBA8888","size":{"w":2146,"h":2146},"scale":1,"related_multi_packs":[]}}