{"frames":{"h1 (9).png":{"frame":{"x":2,"y":2,"w":264,"h":258},"rotated":false,"trimmed":true,"spriteSourceSize":{"x":65,"y":69,"w":264,"h":258},"sourceSize":{"w":396,"h":396}},"h1 (8).png":{"frame":{"x":2,"y":262,"w":265,"h":258},"rotated":false,"trimmed":true,"spriteSourceSize":{"x":65,"y":69,"w":265,"h":258},"sourceSize":{"w":396,"h":396}},"h1 (7).png":{"frame":{"x":269,"y":2,"w":265,"h":258},"rotated":true,"trimmed":true,"spriteSourceSize":{"x":65,"y":69,"w":265,"h":258},"sourceSize":{"w":396,"h":396}},"h1 (6).png":{"frame":{"x":269,"y":269,"w":265,"h":258},"rotated":true,"trimmed":true,"spriteSourceSize":{"x":65,"y":69,"w":265,"h":258},"sourceSize":{"w":396,"h":396}},"h1 (5).png":{"frame":{"x":2,"y":522,"w":264,"h":258},"rotated":false,"trimmed":true,"spriteSourceSize":{"x":65,"y":69,"w":264,"h":258},"sourceSize":{"w":396,"h":396}},"h1 (4).png":{"frame":{"x":529,"y":2,"w":263,"h":258},"rotated":true,"trimmed":true,"spriteSourceSize":{"x":65,"y":69,"w":263,"h":258},"sourceSize":{"w":396,"h":396}},"h1 (36).png":{"frame":{"x":529,"y":267,"w":262,"h":258},"rotated":true,"trimmed":true,"spriteSourceSize":{"x":64,"y":69,"w":262,"h":258},"sourceSize":{"w":396,"h":396}},"h1 (35).png":{"frame":{"x":529,"y":531,"w":308,"h":258},"rotated":true,"trimmed":true,"spriteSourceSize":{"x":64,"y":69,"w":308,"h":258},"sourceSize":{"w":396,"h":396}},"h1 (34).png":{"frame":{"x":2,"y":782,"w":262,"h":258},"rotated":false,"trimmed":true,"spriteSourceSize":{"x":64,"y":69,"w":262,"h":258},"sourceSize":{"w":396,"h":396}},"h1 (33).png":{"frame":{"x":268,"y":536,"w":262,"h":259},"rotated":true,"trimmed":true,"spriteSourceSize":{"x":64,"y":68,"w":262,"h":259},"sourceSize":{"w":396,"h":396}},"h1 (32).png":{"frame":{"x":789,"y":2,"w":252,"h":259},"rotated":false,"trimmed":true,"spriteSourceSize":{"x":64,"y":68,"w":252,"h":259},"sourceSize":{"w":396,"h":396}},"h1 (31).png":{"frame":{"x":2,"y":1042,"w":282,"h":259},"rotated":false,"trimmed":true,"spriteSourceSize":{"x":64,"y":68,"w":282,"h":259},"sourceSize":{"w":396,"h":396}},"h1 (30).png":{"frame":{"x":286,"y":841,"w":274,"h":259},"rotated":true,"trimmed":true,"spriteSourceSize":{"x":64,"y":68,"w":274,"h":259},"sourceSize":{"w":396,"h":396}},"h1 (3).png":{"frame":{"x":789,"y":263,"w":252,"h":258},"rotated":false,"trimmed":true,"spriteSourceSize":{"x":65,"y":69,"w":252,"h":258},"sourceSize":{"w":396,"h":396}},"h1 (29).png":{"frame":{"x":547,"y":841,"w":277,"h":260},"rotated":true,"trimmed":true,"spriteSourceSize":{"x":65,"y":67,"w":277,"h":260},"sourceSize":{"w":396,"h":396}},"h1 (28).png":{"frame":{"x":789,"y":523,"w":245,"h":261},"rotated":false,"trimmed":true,"spriteSourceSize":{"x":65,"y":66,"w":245,"h":261},"sourceSize":{"w":396,"h":396}},"h1 (27).png":{"frame":{"x":1043,"y":2,"w":266,"h":261},"rotated":true,"trimmed":true,"spriteSourceSize":{"x":64,"y":66,"w":266,"h":261},"sourceSize":{"w":396,"h":396}},"h1 (26).png":{"frame":{"x":1043,"y":270,"w":267,"h":261},"rotated":true,"trimmed":true,"spriteSourceSize":{"x":63,"y":66,"w":267,"h":261},"sourceSize":{"w":396,"h":396}},"h1 (25).png":{"frame":{"x":809,"y":786,"w":331,"h":315},"rotated":false,"trimmed":true,"spriteSourceSize":{"x":61,"y":12,"w":331,"h":315},"sourceSize":{"w":396,"h":396}},"h1 (24).png":{"frame":{"x":2,"y":1303,"w":396,"h":396},"rotated":false,"trimmed":false,"spriteSourceSize":{"x":0,"y":0,"w":396,"h":396},"sourceSize":{"w":396,"h":396}},"h1 (23).png":{"frame":{"x":809,"y":1103,"w":396,"h":396},"rotated":false,"trimmed":false,"spriteSourceSize":{"x":0,"y":0,"w":396,"h":396},"sourceSize":{"w":396,"h":396}},"h1 (22).png":{"frame":{"x":400,"y":1120,"w":396,"h":396},"rotated":false,"trimmed":false,"spriteSourceSize":{"x":0,"y":0,"w":396,"h":396},"sourceSize":{"w":396,"h":396}},"h1 (21).png":{"frame":{"x":1306,"y":2,"w":396,"h":396},"rotated":false,"trimmed":false,"spriteSourceSize":{"x":0,"y":0,"w":396,"h":396},"sourceSize":{"w":396,"h":396}},"h1 (20).png":{"frame":{"x":1306,"y":400,"w":396,"h":396},"rotated":false,"trimmed":false,"spriteSourceSize":{"x":0,"y":0,"w":396,"h":396},"sourceSize":{"w":396,"h":396}},"h1 (2).png":{"frame":{"x":1142,"y":798,"w":265,"h":258},"rotated":true,"trimmed":true,"spriteSourceSize":{"x":65,"y":69,"w":265,"h":258},"sourceSize":{"w":396,"h":396}},"h1 (19).png":{"frame":{"x":1207,"y":1065,"w":396,"h":396},"rotated":false,"trimmed":false,"spriteSourceSize":{"x":0,"y":0,"w":396,"h":396},"sourceSize":{"w":396,"h":396}},"h1 (18).png":{"frame":{"x":2,"y":1701,"w":393,"h":396},"rotated":true,"trimmed":true,"spriteSourceSize":{"x":3,"y":0,"w":393,"h":396},"sourceSize":{"w":396,"h":396}},"h1 (17).png":{"frame":{"x":1207,"y":1463,"w":392,"h":394},"rotated":true,"trimmed":true,"spriteSourceSize":{"x":4,"y":0,"w":392,"h":394},"sourceSize":{"w":396,"h":396}},"h1 (16).png":{"frame":{"x":798,"y":1501,"w":334,"h":327},"rotated":false,"trimmed":true,"spriteSourceSize":{"x":62,"y":0,"w":334,"h":327},"sourceSize":{"w":396,"h":396}},"h1 (15).png":{"frame":{"x":400,"y":1518,"w":383,"h":390},"rotated":true,"trimmed":true,"spriteSourceSize":{"x":13,"y":0,"w":383,"h":390},"sourceSize":{"w":396,"h":396}},"h1 (14).png":{"frame":{"x":1704,"y":2,"w":331,"h":324},"rotated":true,"trimmed":true,"spriteSourceSize":{"x":65,"y":3,"w":331,"h":324},"sourceSize":{"w":396,"h":396}},"h1 (13).png":{"frame":{"x":1704,"y":335,"w":331,"h":293},"rotated":true,"trimmed":true,"spriteSourceSize":{"x":65,"y":34,"w":331,"h":293},"sourceSize":{"w":396,"h":396}},"h1 (12).png":{"frame":{"x":1704,"y":668,"w":332,"h":286},"rotated":true,"trimmed":true,"spriteSourceSize":{"x":64,"y":41,"w":332,"h":286},"sourceSize":{"w":396,"h":396}},"h1 (11).png":{"frame":{"x":1402,"y":798,"w":265,"h":258},"rotated":true,"trimmed":true,"spriteSourceSize":{"x":65,"y":69,"w":265,"h":258},"sourceSize":{"w":396,"h":396}},"h1 (10).png":{"frame":{"x":792,"y":1830,"w":255,"h":258},"rotated":false,"trimmed":true,"spriteSourceSize":{"x":65,"y":69,"w":255,"h":258},"sourceSize":{"w":396,"h":396}},"h1 (1).png":{"frame":{"x":1662,"y":1002,"w":252,"h":258},"rotated":true,"trimmed":true,"spriteSourceSize":{"x":65,"y":69,"w":252,"h":258},"sourceSize":{"w":396,"h":396}}},"animations":{},"meta":{"app":"http://github.com/pixijs/assetpack","version":"1.0","image":"h1.webp","format":"RGBA8888","size":{"w":2030,"h":2096},"scale":1,"related_multi_packs":[]}}