{"frames":{"l1 (9).png":{"frame":{"x":2,"y":2,"w":250,"h":257},"rotated":false,"trimmed":true,"spriteSourceSize":{"x":56,"y":49,"w":250,"h":257},"sourceSize":{"w":382,"h":351}},"l1 (8).png":{"frame":{"x":254,"y":2,"w":232,"h":259},"rotated":false,"trimmed":true,"spriteSourceSize":{"x":73,"y":47,"w":232,"h":259},"sourceSize":{"w":382,"h":351}},"l1 (7).png":{"frame":{"x":2,"y":263,"w":233,"h":259},"rotated":true,"trimmed":true,"spriteSourceSize":{"x":73,"y":47,"w":233,"h":259},"sourceSize":{"w":382,"h":351}},"l1 (6).png":{"frame":{"x":488,"y":2,"w":232,"h":259},"rotated":false,"trimmed":true,"spriteSourceSize":{"x":73,"y":47,"w":232,"h":259},"sourceSize":{"w":382,"h":351}},"l1 (5).png":{"frame":{"x":263,"y":263,"w":233,"h":259},"rotated":true,"trimmed":true,"spriteSourceSize":{"x":73,"y":47,"w":233,"h":259},"sourceSize":{"w":382,"h":351}},"l1 (4).png":{"frame":{"x":2,"y":498,"w":231,"h":259},"rotated":true,"trimmed":true,"spriteSourceSize":{"x":73,"y":47,"w":231,"h":259},"sourceSize":{"w":382,"h":351}},"l1 (36).png":{"frame":{"x":722,"y":2,"w":233,"h":259},"rotated":false,"trimmed":true,"spriteSourceSize":{"x":73,"y":47,"w":233,"h":259},"sourceSize":{"w":382,"h":351}},"l1 (35).png":{"frame":{"x":524,"y":263,"w":233,"h":259},"rotated":true,"trimmed":true,"spriteSourceSize":{"x":73,"y":47,"w":233,"h":259},"sourceSize":{"w":382,"h":351}},"l1 (34).png":{"frame":{"x":2,"y":731,"w":233,"h":259},"rotated":true,"trimmed":true,"spriteSourceSize":{"x":73,"y":47,"w":233,"h":259},"sourceSize":{"w":382,"h":351}},"l1 (33).png":{"frame":{"x":263,"y":498,"w":233,"h":259},"rotated":false,"trimmed":true,"spriteSourceSize":{"x":73,"y":47,"w":233,"h":259},"sourceSize":{"w":382,"h":351}},"l1 (32).png":{"frame":{"x":498,"y":498,"w":233,"h":259},"rotated":true,"trimmed":true,"spriteSourceSize":{"x":73,"y":47,"w":233,"h":259},"sourceSize":{"w":382,"h":351}},"l1 (31).png":{"frame":{"x":957,"y":2,"w":233,"h":259},"rotated":false,"trimmed":true,"spriteSourceSize":{"x":73,"y":47,"w":233,"h":259},"sourceSize":{"w":382,"h":351}},"l1 (30).png":{"frame":{"x":785,"y":263,"w":235,"h":259},"rotated":true,"trimmed":true,"spriteSourceSize":{"x":73,"y":47,"w":235,"h":259},"sourceSize":{"w":382,"h":351}},"l1 (3).png":{"frame":{"x":759,"y":500,"w":232,"h":259},"rotated":true,"trimmed":true,"spriteSourceSize":{"x":73,"y":47,"w":232,"h":259},"sourceSize":{"w":382,"h":351}},"l1 (29).png":{"frame":{"x":498,"y":733,"w":235,"h":259},"rotated":true,"trimmed":true,"spriteSourceSize":{"x":73,"y":47,"w":235,"h":259},"sourceSize":{"w":382,"h":351}},"l1 (28).png":{"frame":{"x":2,"y":966,"w":234,"h":259},"rotated":true,"trimmed":true,"spriteSourceSize":{"x":73,"y":47,"w":234,"h":259},"sourceSize":{"w":382,"h":351}},"l1 (27).png":{"frame":{"x":263,"y":759,"w":233,"h":260},"rotated":false,"trimmed":true,"spriteSourceSize":{"x":73,"y":46,"w":233,"h":260},"sourceSize":{"w":382,"h":351}},"l1 (26).png":{"frame":{"x":759,"y":734,"w":235,"h":260},"rotated":true,"trimmed":true,"spriteSourceSize":{"x":73,"y":46,"w":235,"h":260},"sourceSize":{"w":382,"h":351}},"l1 (25).png":{"frame":{"x":1192,"y":2,"w":236,"h":261},"rotated":false,"trimmed":true,"spriteSourceSize":{"x":73,"y":45,"w":236,"h":261},"sourceSize":{"w":382,"h":351}},"l1 (24).png":{"frame":{"x":1046,"y":265,"w":233,"h":262},"rotated":true,"trimmed":true,"spriteSourceSize":{"x":75,"y":44,"w":233,"h":262},"sourceSize":{"w":382,"h":351}},"l1 (23).png":{"frame":{"x":498,"y":971,"w":230,"h":262},"rotated":true,"trimmed":true,"spriteSourceSize":{"x":76,"y":43,"w":230,"h":262},"sourceSize":{"w":382,"h":351}},"l1 (22).png":{"frame":{"x":1021,"y":500,"w":375,"h":336},"rotated":false,"trimmed":true,"spriteSourceSize":{"x":0,"y":14,"w":375,"h":336},"sourceSize":{"w":382,"h":351}},"l1 (21).png":{"frame":{"x":1021,"y":838,"w":376,"h":338},"rotated":false,"trimmed":true,"spriteSourceSize":{"x":0,"y":13,"w":376,"h":338},"sourceSize":{"w":382,"h":351}},"l1 (20).png":{"frame":{"x":2,"y":1203,"w":371,"h":333},"rotated":false,"trimmed":true,"spriteSourceSize":{"x":0,"y":18,"w":371,"h":333},"sourceSize":{"w":382,"h":351}},"l1 (2).png":{"frame":{"x":762,"y":971,"w":232,"h":259},"rotated":false,"trimmed":true,"spriteSourceSize":{"x":73,"y":47,"w":232,"h":259},"sourceSize":{"w":382,"h":351}},"l1 (19).png":{"frame":{"x":375,"y":1232,"w":240,"h":262},"rotated":false,"trimmed":true,"spriteSourceSize":{"x":65,"y":44,"w":240,"h":262},"sourceSize":{"w":382,"h":351}},"l1 (18).png":{"frame":{"x":617,"y":1232,"w":242,"h":261},"rotated":false,"trimmed":true,"spriteSourceSize":{"x":64,"y":45,"w":242,"h":261},"sourceSize":{"w":382,"h":351}},"l1 (17).png":{"frame":{"x":861,"y":1232,"w":243,"h":258},"rotated":false,"trimmed":true,"spriteSourceSize":{"x":61,"y":48,"w":243,"h":258},"sourceSize":{"w":382,"h":351}},"l1 (16).png":{"frame":{"x":1106,"y":1178,"w":243,"h":258},"rotated":true,"trimmed":true,"spriteSourceSize":{"x":63,"y":48,"w":243,"h":258},"sourceSize":{"w":382,"h":351}},"l1 (15).png":{"frame":{"x":1430,"y":2,"w":245,"h":256},"rotated":false,"trimmed":true,"spriteSourceSize":{"x":63,"y":50,"w":245,"h":256},"sourceSize":{"w":382,"h":351}},"l1 (14).png":{"frame":{"x":1398,"y":265,"w":257,"h":277},"rotated":true,"trimmed":true,"spriteSourceSize":{"x":56,"y":50,"w":257,"h":277},"sourceSize":{"w":382,"h":351}},"l1 (13).png":{"frame":{"x":1399,"y":524,"w":265,"h":288},"rotated":false,"trimmed":true,"spriteSourceSize":{"x":65,"y":39,"w":265,"h":288},"sourceSize":{"w":382,"h":351}},"l1 (12).png":{"frame":{"x":1366,"y":1178,"w":309,"h":289},"rotated":false,"trimmed":true,"spriteSourceSize":{"x":25,"y":41,"w":309,"h":289},"sourceSize":{"w":382,"h":351}},"l1 (11).png":{"frame":{"x":1399,"y":814,"w":312,"h":273},"rotated":true,"trimmed":true,"spriteSourceSize":{"x":25,"y":41,"w":312,"h":273},"sourceSize":{"w":382,"h":351}},"l1 (10).png":{"frame":{"x":2,"y":1538,"w":263,"h":257},"rotated":false,"trimmed":true,"spriteSourceSize":{"x":44,"y":49,"w":263,"h":257},"sourceSize":{"w":382,"h":351}},"l1 (1).png":{"frame":{"x":267,"y":1538,"w":232,"h":259},"rotated":true,"trimmed":true,"spriteSourceSize":{"x":73,"y":47,"w":232,"h":259},"sourceSize":{"w":382,"h":351}}},"animations":{},"meta":{"app":"http://github.com/pixijs/assetpack","version":"1.0","image":"l1.webp","format":"RGBA8888","size":{"w":1677,"h":1797},"scale":1,"related_multi_packs":[]}}