{"frames":{"m (9).png":{"frame":{"x":2,"y":2,"w":311,"h":318},"rotated":false,"trimmed":true,"spriteSourceSize":{"x":29,"y":36,"w":311,"h":318},"sourceSize":{"w":383,"h":383}},"m (8).png":{"frame":{"x":315,"y":2,"w":285,"h":292},"rotated":false,"trimmed":true,"spriteSourceSize":{"x":41,"y":48,"w":285,"h":292},"sourceSize":{"w":383,"h":383}},"m (7).png":{"frame":{"x":2,"y":322,"w":272,"h":277},"rotated":true,"trimmed":true,"spriteSourceSize":{"x":49,"y":55,"w":272,"h":277},"sourceSize":{"w":383,"h":383}},"m (6).png":{"frame":{"x":281,"y":322,"w":265,"h":261},"rotated":true,"trimmed":true,"spriteSourceSize":{"x":56,"y":64,"w":265,"h":261},"sourceSize":{"w":383,"h":383}},"m (5).png":{"frame":{"x":2,"y":596,"w":340,"h":243},"rotated":false,"trimmed":true,"spriteSourceSize":{"x":13,"y":70,"w":340,"h":243},"sourceSize":{"w":383,"h":383}},"m (4).png":{"frame":{"x":602,"y":2,"w":330,"h":243},"rotated":true,"trimmed":true,"spriteSourceSize":{"x":25,"y":70,"w":330,"h":243},"sourceSize":{"w":383,"h":383}},"m (36).png":{"frame":{"x":344,"y":589,"w":259,"h":243},"rotated":false,"trimmed":true,"spriteSourceSize":{"x":62,"y":70,"w":259,"h":243},"sourceSize":{"w":383,"h":383}},"m (35).png":{"frame":{"x":544,"y":334,"w":259,"h":243},"rotated":false,"trimmed":true,"spriteSourceSize":{"x":62,"y":70,"w":259,"h":243},"sourceSize":{"w":383,"h":383}},"m (34).png":{"frame":{"x":2,"y":841,"w":259,"h":243},"rotated":false,"trimmed":true,"spriteSourceSize":{"x":62,"y":70,"w":259,"h":243},"sourceSize":{"w":383,"h":383}},"m (33).png":{"frame":{"x":847,"y":2,"w":259,"h":300},"rotated":false,"trimmed":true,"spriteSourceSize":{"x":62,"y":13,"w":259,"h":300},"sourceSize":{"w":383,"h":383}},"m (32).png":{"frame":{"x":805,"y":334,"w":282,"h":306},"rotated":false,"trimmed":true,"spriteSourceSize":{"x":39,"y":8,"w":282,"h":306},"sourceSize":{"w":383,"h":383}},"m (31).png":{"frame":{"x":605,"y":642,"w":264,"h":296},"rotated":false,"trimmed":true,"spriteSourceSize":{"x":57,"y":17,"w":264,"h":296},"sourceSize":{"w":383,"h":383}},"m (30).png":{"frame":{"x":2,"y":1086,"w":264,"h":305},"rotated":true,"trimmed":true,"spriteSourceSize":{"x":57,"y":8,"w":264,"h":305},"sourceSize":{"w":383,"h":383}},"m (3).png":{"frame":{"x":263,"y":841,"w":310,"h":243},"rotated":false,"trimmed":true,"spriteSourceSize":{"x":42,"y":70,"w":310,"h":243},"sourceSize":{"w":383,"h":383}},"m (29).png":{"frame":{"x":309,"y":1086,"w":278,"h":243},"rotated":false,"trimmed":true,"spriteSourceSize":{"x":43,"y":70,"w":278,"h":243},"sourceSize":{"w":383,"h":383}},"m (28).png":{"frame":{"x":589,"y":940,"w":281,"h":307},"rotated":false,"trimmed":true,"spriteSourceSize":{"x":42,"y":18,"w":281,"h":307},"sourceSize":{"w":383,"h":383}},"m (27).png":{"frame":{"x":1108,"y":2,"w":370,"h":381},"rotated":false,"trimmed":true,"spriteSourceSize":{"x":0,"y":2,"w":370,"h":381},"sourceSize":{"w":383,"h":383}},"m (26).png":{"frame":{"x":1089,"y":385,"w":383,"h":383},"rotated":false,"trimmed":false,"spriteSourceSize":{"x":0,"y":0,"w":383,"h":383},"sourceSize":{"w":383,"h":383}},"m (25).png":{"frame":{"x":872,"y":770,"w":383,"h":383},"rotated":false,"trimmed":false,"spriteSourceSize":{"x":0,"y":0,"w":383,"h":383},"sourceSize":{"w":383,"h":383}},"m (24).png":{"frame":{"x":2,"y":1352,"w":383,"h":383},"rotated":false,"trimmed":false,"spriteSourceSize":{"x":0,"y":0,"w":383,"h":383},"sourceSize":{"w":383,"h":383}},"m (23).png":{"frame":{"x":387,"y":1331,"w":383,"h":383},"rotated":false,"trimmed":false,"spriteSourceSize":{"x":0,"y":0,"w":383,"h":383},"sourceSize":{"w":383,"h":383}},"m (22).png":{"frame":{"x":772,"y":1249,"w":383,"h":383},"rotated":false,"trimmed":false,"spriteSourceSize":{"x":0,"y":0,"w":383,"h":383},"sourceSize":{"w":383,"h":383}},"m (21).png":{"frame":{"x":1480,"y":2,"w":383,"h":383},"rotated":false,"trimmed":false,"spriteSourceSize":{"x":0,"y":0,"w":383,"h":383},"sourceSize":{"w":383,"h":383}},"m (20).png":{"frame":{"x":1474,"y":387,"w":383,"h":383},"rotated":false,"trimmed":false,"spriteSourceSize":{"x":0,"y":0,"w":383,"h":383},"sourceSize":{"w":383,"h":383}},"m (2).png":{"frame":{"x":1157,"y":1155,"w":259,"h":243},"rotated":true,"trimmed":true,"spriteSourceSize":{"x":62,"y":70,"w":259,"h":243},"sourceSize":{"w":383,"h":383}},"m (19).png":{"frame":{"x":1402,"y":772,"w":383,"h":383},"rotated":false,"trimmed":false,"spriteSourceSize":{"x":0,"y":0,"w":383,"h":383},"sourceSize":{"w":383,"h":383}},"m (18).png":{"frame":{"x":1402,"y":1157,"w":383,"h":383},"rotated":false,"trimmed":false,"spriteSourceSize":{"x":0,"y":0,"w":383,"h":383},"sourceSize":{"w":383,"h":383}},"m (17).png":{"frame":{"x":2,"y":1737,"w":383,"h":383},"rotated":false,"trimmed":false,"spriteSourceSize":{"x":0,"y":0,"w":383,"h":383},"sourceSize":{"w":383,"h":383}},"m (16).png":{"frame":{"x":387,"y":1716,"w":383,"h":383},"rotated":false,"trimmed":false,"spriteSourceSize":{"x":0,"y":0,"w":383,"h":383},"sourceSize":{"w":383,"h":383}},"m (15).png":{"frame":{"x":772,"y":1634,"w":381,"h":379},"rotated":true,"trimmed":true,"spriteSourceSize":{"x":0,"y":4,"w":381,"h":379},"sourceSize":{"w":383,"h":383}},"m (14).png":{"frame":{"x":1153,"y":1634,"w":375,"h":376},"rotated":false,"trimmed":true,"spriteSourceSize":{"x":0,"y":7,"w":375,"h":376},"sourceSize":{"w":383,"h":383}},"m (13).png":{"frame":{"x":1865,"y":2,"w":362,"h":363},"rotated":false,"trimmed":true,"spriteSourceSize":{"x":4,"y":14,"w":362,"h":363},"sourceSize":{"w":383,"h":383}},"m (12).png":{"frame":{"x":1865,"y":367,"w":354,"h":355},"rotated":true,"trimmed":true,"spriteSourceSize":{"x":8,"y":18,"w":354,"h":355},"sourceSize":{"w":383,"h":383}},"m (11).png":{"frame":{"x":1859,"y":723,"w":333,"h":338},"rotated":true,"trimmed":true,"spriteSourceSize":{"x":19,"y":26,"w":333,"h":338},"sourceSize":{"w":383,"h":383}},"m (10).png":{"frame":{"x":1787,"y":1058,"w":321,"h":328},"rotated":true,"trimmed":true,"spriteSourceSize":{"x":24,"y":31,"w":321,"h":328},"sourceSize":{"w":383,"h":383}},"m (1).png":{"frame":{"x":1787,"y":1381,"w":259,"h":243},"rotated":false,"trimmed":true,"spriteSourceSize":{"x":62,"y":70,"w":259,"h":243},"sourceSize":{"w":383,"h":383}}},"animations":{},"meta":{"app":"http://github.com/pixijs/assetpack","version":"1.0","image":"m.webp","format":"RGBA8888","size":{"w":2229,"h":2122},"scale":1,"related_multi_packs":[]}}