{"frames":{"l4 (9).png":{"frame":{"x":2,"y":2,"w":259,"h":183},"rotated":false,"trimmed":true,"spriteSourceSize":{"x":61,"y":75,"w":259,"h":183},"sourceSize":{"w":385,"h":268}},"l4 (8).png":{"frame":{"x":2,"y":187,"w":257,"h":251},"rotated":false,"trimmed":true,"spriteSourceSize":{"x":61,"y":7,"w":257,"h":251},"sourceSize":{"w":385,"h":268}},"l4 (7).png":{"frame":{"x":263,"y":2,"w":257,"h":247},"rotated":true,"trimmed":true,"spriteSourceSize":{"x":61,"y":11,"w":257,"h":247},"sourceSize":{"w":385,"h":268}},"l4 (6).png":{"frame":{"x":2,"y":440,"w":258,"h":247},"rotated":false,"trimmed":true,"spriteSourceSize":{"x":61,"y":11,"w":258,"h":247},"sourceSize":{"w":385,"h":268}},"l4 (5).png":{"frame":{"x":262,"y":261,"w":257,"h":247},"rotated":true,"trimmed":true,"spriteSourceSize":{"x":61,"y":11,"w":257,"h":247},"sourceSize":{"w":385,"h":268}},"l4 (4).png":{"frame":{"x":512,"y":2,"w":257,"h":247},"rotated":true,"trimmed":true,"spriteSourceSize":{"x":61,"y":11,"w":257,"h":247},"sourceSize":{"w":385,"h":268}},"l4 (36).png":{"frame":{"x":511,"y":261,"w":258,"h":246},"rotated":true,"trimmed":true,"spriteSourceSize":{"x":61,"y":12,"w":258,"h":246},"sourceSize":{"w":385,"h":268}},"l4 (35).png":{"frame":{"x":2,"y":689,"w":258,"h":243},"rotated":false,"trimmed":true,"spriteSourceSize":{"x":61,"y":15,"w":258,"h":243},"sourceSize":{"w":385,"h":268}},"l4 (34).png":{"frame":{"x":262,"y":520,"w":258,"h":243},"rotated":true,"trimmed":true,"spriteSourceSize":{"x":61,"y":15,"w":258,"h":243},"sourceSize":{"w":385,"h":268}},"l4 (33).png":{"frame":{"x":507,"y":521,"w":258,"h":245},"rotated":true,"trimmed":true,"spriteSourceSize":{"x":61,"y":13,"w":258,"h":245},"sourceSize":{"w":385,"h":268}},"l4 (32).png":{"frame":{"x":761,"y":2,"w":319,"h":258},"rotated":true,"trimmed":true,"spriteSourceSize":{"x":0,"y":0,"w":319,"h":258},"sourceSize":{"w":385,"h":268}},"l4 (31).png":{"frame":{"x":759,"y":323,"w":259,"h":246},"rotated":false,"trimmed":true,"spriteSourceSize":{"x":61,"y":12,"w":259,"h":246},"sourceSize":{"w":385,"h":268}},"l4 (30).png":{"frame":{"x":754,"y":571,"w":259,"h":246},"rotated":false,"trimmed":true,"spriteSourceSize":{"x":61,"y":12,"w":259,"h":246},"sourceSize":{"w":385,"h":268}},"l4 (3).png":{"frame":{"x":2,"y":934,"w":257,"h":247},"rotated":false,"trimmed":true,"spriteSourceSize":{"x":61,"y":11,"w":257,"h":247},"sourceSize":{"w":385,"h":268}},"l4 (29).png":{"frame":{"x":261,"y":934,"w":258,"h":246},"rotated":false,"trimmed":true,"spriteSourceSize":{"x":61,"y":12,"w":258,"h":246},"sourceSize":{"w":385,"h":268}},"l4 (28).png":{"frame":{"x":521,"y":819,"w":258,"h":246},"rotated":true,"trimmed":true,"spriteSourceSize":{"x":61,"y":12,"w":258,"h":246},"sourceSize":{"w":385,"h":268}},"l4 (27).png":{"frame":{"x":769,"y":819,"w":259,"h":244},"rotated":true,"trimmed":true,"spriteSourceSize":{"x":61,"y":14,"w":259,"h":244},"sourceSize":{"w":385,"h":268}},"l4 (26).png":{"frame":{"x":1021,"y":2,"w":258,"h":233},"rotated":true,"trimmed":true,"spriteSourceSize":{"x":61,"y":25,"w":258,"h":233},"sourceSize":{"w":385,"h":268}},"l4 (25).png":{"frame":{"x":1021,"y":262,"w":259,"h":229},"rotated":true,"trimmed":true,"spriteSourceSize":{"x":61,"y":29,"w":259,"h":229},"sourceSize":{"w":385,"h":268}},"l4 (24).png":{"frame":{"x":1020,"y":523,"w":258,"h":224},"rotated":true,"trimmed":true,"spriteSourceSize":{"x":61,"y":34,"w":258,"h":224},"sourceSize":{"w":385,"h":268}},"l4 (23).png":{"frame":{"x":1015,"y":783,"w":259,"h":235},"rotated":true,"trimmed":true,"spriteSourceSize":{"x":61,"y":23,"w":259,"h":235},"sourceSize":{"w":385,"h":268}},"l4 (22).png":{"frame":{"x":2,"y":1183,"w":259,"h":232},"rotated":false,"trimmed":true,"spriteSourceSize":{"x":61,"y":26,"w":259,"h":232},"sourceSize":{"w":385,"h":268}},"l4 (21).png":{"frame":{"x":263,"y":1182,"w":259,"h":231},"rotated":false,"trimmed":true,"spriteSourceSize":{"x":61,"y":27,"w":259,"h":231},"sourceSize":{"w":385,"h":268}},"l4 (20).png":{"frame":{"x":1015,"y":1044,"w":259,"h":221},"rotated":true,"trimmed":true,"spriteSourceSize":{"x":61,"y":37,"w":259,"h":221},"sourceSize":{"w":385,"h":268}},"l4 (2).png":{"frame":{"x":524,"y":1080,"w":257,"h":247},"rotated":true,"trimmed":true,"spriteSourceSize":{"x":61,"y":11,"w":257,"h":247},"sourceSize":{"w":385,"h":268}},"l4 (19).png":{"frame":{"x":773,"y":1080,"w":259,"h":216},"rotated":true,"trimmed":true,"spriteSourceSize":{"x":61,"y":42,"w":259,"h":216},"sourceSize":{"w":385,"h":268}},"l4 (18).png":{"frame":{"x":1256,"y":2,"w":259,"h":211},"rotated":true,"trimmed":true,"spriteSourceSize":{"x":61,"y":47,"w":259,"h":211},"sourceSize":{"w":385,"h":268}},"l4 (17).png":{"frame":{"x":1252,"y":263,"w":259,"h":204},"rotated":true,"trimmed":true,"spriteSourceSize":{"x":61,"y":54,"w":259,"h":204},"sourceSize":{"w":385,"h":268}},"l4 (16).png":{"frame":{"x":1252,"y":524,"w":259,"h":200},"rotated":true,"trimmed":true,"spriteSourceSize":{"x":61,"y":58,"w":259,"h":200},"sourceSize":{"w":385,"h":268}},"l4 (15).png":{"frame":{"x":1252,"y":785,"w":259,"h":199},"rotated":true,"trimmed":true,"spriteSourceSize":{"x":61,"y":59,"w":259,"h":199},"sourceSize":{"w":385,"h":268}},"l4 (14).png":{"frame":{"x":1238,"y":1046,"w":259,"h":203},"rotated":true,"trimmed":true,"spriteSourceSize":{"x":61,"y":55,"w":259,"h":203},"sourceSize":{"w":385,"h":268}},"l4 (13).png":{"frame":{"x":2,"y":1417,"w":259,"h":202},"rotated":false,"trimmed":true,"spriteSourceSize":{"x":61,"y":56,"w":259,"h":202},"sourceSize":{"w":385,"h":268}},"l4 (12).png":{"frame":{"x":263,"y":1415,"w":259,"h":197},"rotated":false,"trimmed":true,"spriteSourceSize":{"x":61,"y":61,"w":259,"h":197},"sourceSize":{"w":385,"h":268}},"l4 (11).png":{"frame":{"x":524,"y":1341,"w":259,"h":183},"rotated":true,"trimmed":true,"spriteSourceSize":{"x":61,"y":75,"w":259,"h":183},"sourceSize":{"w":385,"h":268}},"l4 (10).png":{"frame":{"x":709,"y":1341,"w":259,"h":183},"rotated":true,"trimmed":true,"spriteSourceSize":{"x":61,"y":75,"w":259,"h":183},"sourceSize":{"w":385,"h":268}},"l4 (1).png":{"frame":{"x":894,"y":1341,"w":257,"h":247},"rotated":true,"trimmed":true,"spriteSourceSize":{"x":61,"y":11,"w":257,"h":247},"sourceSize":{"w":385,"h":268}}},"animations":{},"meta":{"app":"http://github.com/pixijs/assetpack","version":"1.0","image":"l4.webp","format":"RGBA8888","size":{"w":1469,"h":1621},"scale":1,"related_multi_packs":[]}}